<?xml version="1.0"?>
<UpdateSettings xmlns:xsi="http://www.w3.org/2001/XMLSchema-instance" xmlns:xsd="http://www.w3.org/2001/XMLSchema">
  <Url>http://localhost/myapp/updates/</Url>
  <ProgramName>App Name</ProgramName>
  <Support>apps@mysite.com</Support>
  <Frequency>Daily</Frequency>
  <NeverCheck>false</NeverCheck>
  <NextUpdateAt>2013-02-20T00:00:00+05:30</NextUpdateAt>
  <LastCheckedAt xsi:nil="true" />
  <LastUpdateAt xsi:nil="true" />
  <LastRemindedAt xsi:nil="true" />
  <RemindAfter xsi:nil="true" />
</UpdateSettings>