<?xml version="1.0"?>
<UpdateSettings xmlns:xsd="http://www.w3.org/2001/XMLSchema" xmlns:xsi="http://www.w3.org/2001/XMLSchema-instance">
  <Url>http://ivy.cselian.com/updates/</Url>
  <ProgramName>Win XT</ProgramName>
  <Support>imran@cselian.com</Support>
  <Frequency>Daily</Frequency>
  <NeverCheck>false</NeverCheck>
  <NextUpdateAt>2014-12-17T00:00:00+05:30</NextUpdateAt>
  <LastCheckedAt>2014-12-16T04:11:15.0427614+05:30</LastCheckedAt>
  <LastUpdateAt xsi:nil="true" />
  <LastRemindedAt xsi:nil="true" />
  <RemindAfter>
    <Unit>Day</Unit>
    <Value>0</Value>
  </RemindAfter>
</UpdateSettings>