<?xml version="1.0"?>
<UpdateSettings xmlns:xsi="http://www.w3.org/2001/XMLSchema-instance" xmlns:xsd="http://www.w3.org/2001/XMLSchema">
  <Url>http://ivy.cselian.com/updates/</Url>
  <ProgramName>IViewer</ProgramName>
  <Support>imran@cselian.com</Support>
  <Frequency>Daily</Frequency>
  <NeverCheck>false</NeverCheck>
  <NextUpdateAt>2013-02-20T00:00:00+05:30</NextUpdateAt>
  <LastCheckedAt>2013-02-19T08:20:45.4930092+05:30</LastCheckedAt>
  <LastUpdateAt xsi:nil="true" />
  <LastRemindedAt xsi:nil="true" />
  <RemindAfter>
    <Unit>Day</Unit>
    <Value>0</Value>
  </RemindAfter>
</UpdateSettings>